GID_0,NAME_0,GID_1,NAME_1,VARNAME_1,NL_NAME_1,TYPE_1,ENGTYPE_1,CC_1,HASC_1,10_92count,10_92sum,10_92mean,10_93count,10_93sum,10_93mean,10_94count,10_94sum,10_94mean,12_94count,12_94sum,12_94mean,12_95count,12_95sum,12_95mean,12_96count,12_96sum,12_96mean,12_97count,12_97sum,12_97mean,12_98count,12_98sum,12_98mean,12_99count,12_99sum,12_99mean,14_97count,14_97sum,14_97mean,14_98count,14_98sum,14_98mean,14_99count,14_99sum,14_99mean,14_00count,14_00sum,14_00mean,14_01count,14_01sum,14_01mean,14_02count,14_02sum,14_02mean,14_03count,14_03sum,14_03mean,15_00count,15_00sum,15_00mean,15_01count,15_01sum,15_01mean,15_02count,15_02sum,15_02mean,15_03count,15_03sum,15_03mean,15_04count,15_04sum,15_04mean,15_05count,15_05sum,15_05mean,15_06count,15_06sum,15_06mean,15_07count,15_07sum,15_07mean,16_04count,16_04sum,16_04mean,16_05count,16_05sum,16_05mean,16_06count,16_06sum,16_06mean,16_07count,16_07sum,16_07mean,16_08count,16_08sum,16_08mean,16_09count,16_09sum,16_09mean,18_10count,18_10sum,18_10mean,18_11count,18_11sum,18_11mean,18_12count,18_12sum,18_12mean,18_13count,18_13sum,18_13mean
IND,India,IND.1_1,Andaman and Nicobar,Andaman & Nicobar Islands|Andaman et Nicobar|Iihas de Andama e Nicobar|Inseln Andamanen und Nikobare,,Union Territor,Union Territory,,IN.AN,9056,2308,0.254858657243816,9056,3969,0.43827296819788,9056,3822,0.422040636042403,9056,3342,0.369037102473498,9056,5318,0.587234982332155,9056,5123,0.565702296819788,9056,4857,0.536329505300353,9056,5116,0.564929328621908,9056,4498,0.496687279151943,9056,2973,0.328290636042403,9056,4007,0.442469081272085,9056,3717,0.410446113074205,9056,4414,0.487411660777385,9056,4540,0.501325088339223,9056,5106,0.563825088339223,9056,4386,0.484319787985866,9056,4370,0.482553003533569,9056,5508,0.60821554770318,9056,5925,0.654262367491166,9056,4027,0.444677561837456,9056,4707,0.519765901060071,9056,3959,0.437168727915194,9056,4714,0.520538869257951,9056,4149,0.458149293286219,9056,7093,0.783237632508834,9056,4590,0.50684628975265,9056,4748,0.524293286219081,9056,7315,0.807751766784452,9056,6102,0.6738074204947,9056,6157,0.67988074204947,9056,10847,1.19776943462897,9056,7811,0.862522084805654,9056,8010,0.884496466431095,9056,7420,0.81934628975265
IND,India,IND.2_1,Andhra Pradesh,,,State,State,,IN.AP,194374,392311,2.01833064092934,194374,573819,2.95213866052044,194374,537868,2.76718079578544,194374,522436,2.68778746128597,194374,704423,3.62405980223692,194374,709419,3.64976282836182,194374,750126,3.85918898618128,194374,849410,4.36997746612201,194374,862367,4.43663761614208,194374,517933,2.66462078261496,194374,610091,3.13874798069701,194374,658937,3.39004702274996,194374,652799,3.35846872524103,194374,678629,3.49135686871701,194374,745775,3.83680430510253,194374,684447,3.52128885550537,194374,869419,4.47291818864663,194374,911123,4.68747363330487,194374,938279,4.82718367682921,194374,596139,3.06696883328017,194374,612281,3.1500149196909,194374,638698,3.28592301439493,194374,675587,3.4757066274296,194374,669823,3.44605245557533,194374,887055,4.56365048823402,194374,708674,3.64593001121549,194374,823335,4.2358288660006,194374,1021606,5.25587784374453,194374,986731,5.07645569880745,194374,975198,5.01712163149392,194374,1532230,7.88289586055748,194374,1202257,6.18527683743711,194374,1335641,6.87150030353854,194374,1272301,6.54563367528579
IND,India,IND.3_1,Arunachal Pradesh,Agence de la Frontière du Nord-Est(French-obsolete)|North East Frontier Agency,,State,State,,IN.AR,108392,4977,0.045916672817182,108392,4720,0.043545649125397,108392,3886,0.035851354343494,108392,2508,0.023138238984427,108392,4057,0.037428961546978,108392,6576,0.060668684035722,108392,5299,0.048887371761754,108392,6815,0.062873643811351,108392,7729,0.071306000442837,108392,4289,0.039569340910768,108392,5464,0.050409624326519,108392,7326,0.067588013875563,108392,5424,0.050040593401727,108392,5375,0.049588530518857,108392,5199,0.047964794449775,108392,5538,0.051092331537383,108392,7479,0.06899955716289,108392,7264,0.067016015942136,108392,6598,0.060871651044358,108392,4982,0.045962801682781,108392,5345,0.049311757325264,108392,5761,0.053149678943095,108392,6530,0.060244298472212,108392,6629,0.061157650011071,108392,8719,0.080439515831427,108392,6518,0.060133589194775,108392,7664,0.070706325190051,108392,10173,0.093853789947598,108392,9262,0.085449110635471,108392,8436,0.077828622038527,108392,17156,0.158277363643073,108392,14383,0.132694294781903,108392,14346,0.132352941176471,108392,15224,0.140453169975644
IND,India,IND.4_1,Assam,,,State,State,,IN.AS,102226,138702,1.35681724805822,102226,151816,1.48510163754818,102226,160712,1.57212450844208,102226,134888,1.31950775732201,102226,166850,1.63216794161955,102226,184816,1.80791579441629,102226,181848,1.77888208479252,102226,214020,2.0935965409974,102226,187505,1.83422025707746,102226,146402,1.43214055132745,102226,149262,1.46011777825602,102226,156453,1.53046191771174,102226,163364,1.59806702795766,102226,155809,1.52416215052922,102226,160033,1.56548236260834,102226,134375,1.31448946451979,102226,214729,2.10053215424647,102226,205369,2.00897032066206,102226,195710,1.91448359517148,102226,125769,1.23030344530746,102226,135899,1.32939760921879,102226,141095,1.38022616555475,102226,136289,1.33321268561814,102226,156218,1.52816308962495,102226,196883,1.92595817111107,102226,161985,1.58457730909945,102226,178680,1.74789192573318,102226,221702,2.16874376381742,102226,223195,2.18334865885391,102226,203503,1.99071664742825,102226,344759,3.37251775477863,102226,283718,2.77539960479721,102226,312653,3.05844892688748,102226,295968,2.89523213272553
IND,India,IND.5_1,Bihar,,,State,State,,IN.BR,122033,62600,0.512975998295543,122033,90892,0.74481492710988,122033,84634,0.693533716289856,122033,85542,0.700974326616571,122033,115611,0.947374890398499,122033,126534,1.03688346594774,122033,131841,1.08037170273615,122033,149791,1.22746306326977,122033,125854,1.03131120270746,122033,86863,0.711799267411274,122033,115150,0.943597223701786,122033,96061,0.787172322240705,122033,125107,1.02518990764793,122033,122319,1.00234362836282,122033,141834,1.16225938885384,122033,118005,0.966992534806159,122033,176973,1.45020609179484,122033,144530,1.18435177370056,122033,179633,1.47200347447002,122033,82272,0.674178296034679,122033,105611,0.865429842747454,122033,95190,0.780034908590299,122033,117634,0.963952373538305,122033,120592,0.988191718633484,122033,149674,1.22650430621225,122033,136352,1.11733711373153,122033,151170,1.23876328534085,122033,173466,1.42146796358362,122033,181361,1.48616357870412,122033,152072,1.24615472863897,122033,313786,2.57132087222309,122033,212734,1.74324977669975,122033,228110,1.86924848196799,122033,349542,2.86432358460416
IND,India,IND.6_1,Chandigarh,,,Union Territor,Union Territory,,IN.CH,156,8566,54.9102564102564,156,8405,53.8782051282051,156,8394,53.8076923076923,156,8903,57.0705128205128,156,8682,55.6538461538462,156,8491,54.4294871794872,156,8823,56.5576923076923,156,9051,58.0192307692308,156,9070,58.1410256410256,156,8264,52.974358974359,156,8614,55.2179487179487,156,8869,56.8525641025641,156,8894,57.0128205128205,156,9243,59.25,156,9132,58.5384615384615,156,9155,58.6858974358974,156,9030,57.8846153846154,156,9067,58.1217948717949,156,9099,58.3269230769231,156,8505,54.5192307692308,156,8759,56.1474358974359,156,8630,55.3205128205128,156,8893,57.0064102564103,156,8452,54.1794871794872,156,9051,58.0192307692308,156,8999,57.6858974358974,156,9224,59.1282051282051,156,9429,60.4423076923077,156,9274,59.4487179487179,156,9225,59.1346153846154,156,9479,60.7628205128205,156,9393,60.2115384615385,156,9607,61.5833333333333,156,9634,61.7564102564103
IND,India,IND.7_1,Chhattisgarh,,,State,State,,IN.CT,169814,130521,0.768611539684596,169814,112411,0.661965444545208,169814,141421,0.832799415831439,169814,167798,0.988128187310822,169814,215977,1.27184448867585,169814,204662,1.20521276219864,169814,194234,1.14380439775283,169814,234206,1.37919135053647,169814,212722,1.25267645777144,169814,153304,0.902775978423452,169814,175350,1.03260037452742,169814,124196,0.731364905131497,169814,179245,1.05553723485696,169814,148451,0.874197651548164,169814,227291,1.33847032635707,169814,182228,1.07310351325568,169814,229880,1.35371641914094,169814,223806,1.31794787237801,169814,288919,1.70138504481374,169814,161450,0.950746110450257,169814,225384,1.32724039242936,169814,244696,1.44096482033283,169814,226513,1.33388884308714,169814,242472,1.42786813808049,169814,300849,1.77163838081666,169814,254031,1.49593673077603,169814,255255,1.5031446170516,169814,369439,2.17555089686363,169814,390074,2.29706620184437,169814,375525,2.21139010917828,169814,565612,3.33077367001543,169814,527387,3.10567444380322,169814,590886,3.47960709953243,169814,634885,3.73870823371454
IND,India,IND.8_1,Dadra and Nagar Haveli,DAdra et Nagar Haveli|Dadra e Nagar Haveli,,Union Territor,Union Territory,,IN.DN,617,904,1.46515397082658,617,1748,2.83306320907618,617,1692,2.74230145867099,617,2071,3.35656401944895,617,2742,4.44408427876823,617,3501,5.6742301458671,617,4102,6.6482982171799,617,5097,8.26094003241491,617,5528,8.95948136142626,617,3076,4.98541329011345,617,3561,5.77147487844408,617,3962,6.42139384116694,617,4149,6.72447325769854,617,4519,7.32414910858995,617,5106,8.27552674230146,617,5055,8.19286871961102,617,5671,9.19124797406807,617,6273,10.1669367909238,617,6427,10.4165316045381,617,4346,7.04376012965964,617,5028,8.14910858995138,617,5593,9.06482982171799,617,5908,9.57536466774716,617,6710,10.8752025931929,617,6740,10.9238249594814,617,5460,8.84927066450567,617,6140,9.95137763371151,617,8966,14.5316045380875,617,9419,15.2658022690438,617,8971,14.5397082658023,617,12068,19.5591572123177,617,12092,19.5980551053485,617,12229,19.8200972447326,617,13129,21.2787682333874
IND,India,IND.9_1,Daman and Diu,,,Union Territor,Union Territory,,IN.DD,107,1489,13.9158878504673,107,1629,15.2242990654206,107,1830,17.1028037383178,107,2182,20.392523364486,107,2435,22.7570093457944,107,2723,25.4485981308411,107,3194,29.8504672897196,107,3492,32.6355140186916,107,3644,34.0560747663551,107,2676,25.0093457943925,107,2462,23.0093457943925,107,2687,25.1121495327103,107,3015,28.1775700934579,107,3132,29.2710280373832,107,3561,33.2803738317757,107,3435,32.1028037383178,107,3419,31.9532710280374,107,3427,32.0280373831776,107,3544,33.1214953271028,107,3011,28.1401869158878,107,3229,30.1775700934579,107,3324,31.0654205607477,107,3436,32.1121495327103,107,3366,31.4579439252336,107,3741,34.9626168224299,107,3171,29.6355140186916,107,3448,32.2242990654206,107,4177,39.0373831775701,107,4268,39.8878504672897,107,4469,41.7663551401869,107,5112,47.7757009345794,107,4788,44.7476635514019,107,4674,43.6822429906542,107,4992,46.6542056074766
IND,India,IND.10_1,Goa,Gôa,,State,State,,IN.GA,4476,19191,4.28753351206434,4476,23129,5.16733690795353,4476,23830,5.32394995531725,4476,27873,6.22721179624665,4476,27556,6.15638963360143,4476,29201,6.52390527256479,4476,30533,6.82149240393208,4476,32040,7.15817694369973,4476,38042,8.49910634495085,4476,21334,4.76630920464701,4476,25996,5.80786416443253,4476,25739,5.75044682752458,4476,30197,6.7464253798034,4476,32881,7.34606791778374,4476,35271,7.88002680965147,4476,36208,8.0893655049151,4476,36895,8.24285075960679,4476,40456,9.0384271671135,4476,41999,9.3831546023235,4476,31263,6.98458445040214,4476,30417,6.7955764075067,4476,34811,7.77725647899911,4476,34296,7.66219839142091,4476,33386,7.45889186773905,4476,40703,9.09361036639857,4476,35980,8.0384271671135,4476,37342,8.34271671134942,4476,45607,10.1892314566577,4476,43427,9.70218945487042,4476,43937,9.81613047363718,4476,60336,13.4798927613941,4476,55820,12.4709562109026,4476,57358,12.8145665773012,4476,58907,13.1606344950849
IND,India,IND.11_1,Gujarat,Goudjerate|Gujerat|Gujerate,,State,State,,IN.GJ,235042,654168,2.78319619472264,235042,793370,3.37543928319194,235042,789687,3.35976974327992,235042,874796,3.72187098476017,235042,1026412,4.36693016567252,235042,1024868,4.36036112694752,235042,1098343,4.67296483181729,235042,1236681,5.2615319815182,235042,1339465,5.69883254907633,235042,867682,3.69160405374359,235042,898901,3.82442712366301,235042,982750,4.18116762110601,235042,1065597,4.53364505067179,235042,1068386,4.54551101505263,235042,1091595,4.64425506930676,235042,970056,4.12716025221024,235042,1347546,5.73321363841356,235042,1366660,5.81453527454668,235042,1302918,5.54334119008518,235042,864812,3.67939347010322,235042,804688,3.42359237923435,235042,811930,3.45440389377218,235042,847544,3.60592574944053,235042,855252,3.63871988836038,235042,1064950,4.53089235115426,235042,891369,3.79238178708486,235042,947377,4.03067111409876,235042,1193236,5.07669267620255,235042,1115810,4.74727920967316,235042,1090603,4.64003454701713,235042,1591538,6.77129193931297,235042,1391246,5.91913785621293,235042,1474105,6.27166634048383,235042,1438731,6.12116557891781
IND,India,IND.12_1,Haryana,,,State,State,,IN.HR,58813,458730,7.79980616530359,58813,421601,7.16850016152891,58813,396301,6.73832315984561,58813,547783,9.31397820209818,58813,523917,8.90818356485811,58813,569875,9.68960944008978,58813,543897,9.2479043748831,58813,585211,9.95036811589275,58813,563438,9.58016084879193,58813,440310,7.48661010320847,58813,438594,7.45743288048561,58813,460734,7.83388026456736,58813,498961,8.48385561015422,58813,547153,9.30326628466496,58813,545557,9.27612942716746,58813,517329,8.796167513985,58813,618976,10.5244758811827,58813,598163,10.1705915358849,58813,668116,11.3600054409739,58813,442918,7.5309540407733,58813,474579,8.06928740244504,58813,492187,8.36867699318178,58813,500191,8.50476935371431,58813,464850,7.90386479179773,58813,611524,10.3977692006869,58813,525463,8.93447027017836,58813,583535,9.92187101491167,58813,695917,11.8327070545628,58813,680461,11.5699080135344,58813,789262,13.4198561542516,58813,984328,16.7365718463605,58813,859443,14.6131467532688,58813,994569,16.9107000153027,58813,975711,16.590056620135
IND,India,IND.13_1,Himachal Pradesh,,,Union Territor,Union Territory,,IN.HP,76356,33357,0.436861543297187,76356,33114,0.433679082193934,76356,30355,0.397545706951648,76356,41494,0.543428152339043,76356,49417,0.647192100162397,76356,60090,0.786971554298287,76356,56077,0.734415108177484,76356,75149,0.984192466865734,76356,96952,1.26973649745927,76356,43299,0.567067421027817,76356,59239,0.775826392163026,76356,78520,1.02834092933103,76356,94050,1.23173031588873,76356,97218,1.27322017916077,76356,105191,1.37763895437163,76356,103677,1.35781078107811,76356,108255,1.41776677667767,76356,89928,1.17774634606318,76356,105406,1.38045471213788,76356,67787,0.887775682330138,76356,82472,1.08009848603908,76356,100119,1.31121326418356,76356,109731,1.43709728115669,76356,117136,1.53407721724553,76356,138923,1.81941170307507,76356,111714,1.46306773534496,76356,135421,1.77354759285452,76356,181874,2.38192152548588,76356,155900,2.04175179422704,76356,138937,1.81959505474357,76356,223127,2.92219340981717,76356,187704,2.45827439886846,76356,213742,2.7992823091833,76356,208135,2.72584996594898
IND,India,IND.14_1,Jammu and Kashmir,,,State,State,,IN.JK,148078,49621,0.335100420048893,148078,49187,0.332169532273532,148078,48035,0.324389848593309,148078,62391,0.421338753899972,148078,60936,0.411512851335107,148078,68064,0.459649644106484,148078,68758,0.464336363268007,148078,93940,0.634395386215373,148078,68069,0.45968341009468,148078,51615,0.348566296141223,148078,62628,0.422939261740434,148078,54480,0.367914207377193,148078,60176,0.406380421129405,148078,63469,0.428618700954902,148078,66615,0.449864260727454,148078,63130,0.426329366955253,148078,85080,0.574562055133106,148078,81339,0.549298342765299,148078,95831,0.647165682950877,148078,67764,0.45762368481476,148078,74391,0.502377125568957,148078,81436,0.54995340293629,148078,77815,0.525500074285174,148078,81343,0.549325355555856,148078,85797,0.579404097840327,148078,83340,0.562811491241103,148078,94049,0.635131484758033,148078,132360,0.893853239508907,148078,108169,0.730486635421872,148078,107457,0.725678358702846,148078,177269,1.19713259228245,148078,147963,0.999223382271506,148078,190508,1.28653817582625,148078,179595,1.21284052999095
IND,India,IND.15_1,Jharkhand,Vananchal,,State,State,,IN.JH,102011,109314,1.07159031869112,102011,121296,1.1890482398957,102011,122493,1.20078226857888,102011,135255,1.3258864240131,102011,147762,1.44849084902609,102011,146068,1.43188479673761,102011,142512,1.39702581094196,102011,145496,1.42627755830254,102011,151330,1.4834674691945,102011,100607,0.986236778386645,102011,105914,1.0382605797414,102011,109473,1.07314897413024,102011,124004,1.21559439668271,102011,118244,1.15912989775612,102011,140020,1.37259707286469,102011,125007,1.22542666967288,102011,163297,1.60077834743312,102011,156118,1.53040358392722,102011,182749,1.79146366568311,102011,114367,1.12112419248904,102011,127788,1.25268843556087,102011,128938,1.26396172961739,102011,138677,1.35943182597955,102011,135633,1.32959190675515,102011,164320,1.61080667771123,102011,138273,1.35547146876317,102011,154711,1.51661095372068,102011,191383,1.87610159688661,102011,191958,1.88173824391487,102011,190447,1.86692611581104,102011,296197,2.90357902579134,102011,253528,2.48530060483673,102011,260525,2.55389124702238,102011,268704,2.63406887492525
IND,India,IND.16_1,Karnataka,Maisur|Mysore,,State,State,,IN.KA,231368,396660,1.71441167317866,231368,532229,2.30035700701912,231368,606390,2.62088966494934,231368,635173,2.74529321254452,231368,736244,3.182134089416,231368,781507,3.37776615608036,231368,845623,3.6548831299056,231368,944214,4.0810051519657,231368,1049413,4.53568773555548,231368,578686,2.5011496836209,231368,763729,3.30092752671069,231368,784074,3.38886103523391,231368,861554,3.72373880571211,231368,862429,3.72752065972823,231368,883473,3.81847532934546,231368,871637,3.76731873033436,231368,1109030,4.79335949655959,231368,1196606,5.17187337920542,231368,1157145,5.00131824625705,231368,797445,3.44665208671899,231368,773248,3.34206977628713,231368,873584,3.77573389578507,231368,868486,3.75369973375748,231368,885263,3.82621192213271,231368,1070005,4.62468880744096,231368,929691,4.01823501953598,231368,1042284,4.50487535009163,231368,1285551,5.55630424259189,231368,1223043,5.28613723591854,231368,1149066,4.96639984786142,231368,1795598,7.76078800871339,231368,1535013,6.63450866152623,231368,1688353,7.29726236990422,231368,1551832,6.70720237889423
IND,India,IND.17_1,Kerala,,,State,State,,IN.KL,44842,187720,4.18625395834262,44842,225813,5.03574773649703,44842,216407,4.82598902814326,44842,252756,5.63659069622229,44842,262206,5.84733062753668,44842,249034,5.5535881539628,44842,255809,5.70467418937603,44842,279813,6.23997591543642,44842,305315,6.80868382320146,44842,169794,3.78649480397841,44842,216723,4.83303599304224,44842,219932,4.9045983676018,44842,244995,5.4635163462825,44842,250525,5.58683823201463,44842,270791,6.03878060746622,44842,248685,5.54580527184336,44842,318869,7.11094509611525,44842,312606,6.97127692788011,44842,306859,6.8431158289104,44842,190830,4.2556085812408,44842,198887,4.43528388564292,44842,226754,5.05673252754114,44842,234686,5.23362026671424,44842,214626,4.78627179876009,44842,315320,7.03180054413273,44842,255911,5.70694884260292,44842,287736,6.41666294991303,44842,340879,7.60177958164221,44842,303714,6.77298068774809,44842,295774,6.59591454440034,44842,456210,10.1737210650729,44842,364488,8.12827260157888,44842,406791,9.07165157664689,44842,403529,8.99890727443022
IND,India,IND.18_1,Lakshadweep,Íles Laquedives|Laccadive|Minicoy and Amindivi Islands|Laccadives|Lackadiverna|Lakkadiven|Lakkadi,,Union Territor,Union Territory,,IN.LD,42,45,1.07142857142857,42,154,3.66666666666667,42,119,2.83333333333333,42,67,1.59523809523809,42,141,3.35714285714286,42,177,4.21428571428571,42,160,3.80952380952381,42,165,3.92857142857143,42,162,3.85714285714286,42,108,2.57142857142857,42,124,2.95238095238095,42,113,2.69047619047619,42,105,2.5,42,91,2.16666666666667,42,117,2.78571428571429,42,113,2.69047619047619,42,173,4.11904761904762,42,173,4.11904761904762,42,160,3.80952380952381,42,113,2.69047619047619,42,102,2.42857142857143,42,116,2.76190476190476,42,113,2.69047619047619,42,90,2.14285714285714,42,147,3.5,42,104,2.47619047619048,42,104,2.47619047619048,42,142,3.38095238095238,42,136,3.23809523809524,42,119,2.83333333333333,42,185,4.40476190476191,42,187,4.45238095238095,42,184,4.38095238095238,42,194,4.61904761904762
IND,India,IND.19_1,Madhya Pradesh,,,State,State,,IN.MP,392383,576369,1.46889391232546,392383,667980,1.70236732987923,392383,782102,1.99321071504117,392383,969459,2.47069572331115,392383,1097623,2.79732557220879,392383,1094370,2.78903520285028,392383,1032720,2.63191830430982,392383,1142843,2.91257011644235,392383,1094960,2.79053883578035,392383,661190,1.68506280853146,392383,847120,2.15891106393498,392383,828448,2.11132490449382,392383,862626,2.19842857616156,392383,700337,1.78483012770686,392383,713071,1.81728311369249,392383,547791,1.39606201084145,392383,1173874,2.99165356297291,392383,1053279,2.68431354059681,392383,1019257,2.59760743966991,392383,554990,1.4144088811187,392383,587355,1.49689206718946,392383,587835,1.49811536177663,392383,508785,1.29665403445103,392383,501108,1.27708896664738,392383,802521,2.04524915707357,392383,638963,1.62841662355403,392383,579156,1.47599666652225,392383,893646,2.27748398885783,392383,801807,2.04342950637515,392383,516955,1.31747552773693,392383,936540,2.38680065140437,392383,855499,2.18026520007238,392383,936146,2.38579653043073,392383,1074641,2.73875524678694
IND,India,IND.20_1,Maharashtra,,,State,State,,IN.MH,380868,1141629,2.99744005797284,380868,1353821,3.55456746169276,380868,1255643,3.2967931146749,380868,1445192,3.79446947498871,380868,1637366,4.2990379869141,380868,1730325,4.54310942373736,380868,1821891,4.78352342543873,380868,2065192,5.42233004610521,380868,2180237,5.72439007740214,380868,1304901,3.42612401146854,380868,1535854,4.03250995095414,380868,1542901,4.05101242425197,380868,1702374,4.46972179337723,380868,1715010,4.50289864204921,380868,1713836,4.49981620929036,380868,1605684,4.21585431173005,380868,2117064,5.5585242131132,380868,2241324,5.88477897854375,380868,2163454,5.68032494197465,380868,1474328,3.87096841950492,380868,1403836,3.68588592373211,380868,1302599,3.42007992270288,380868,1249983,3.28193232300955,380868,1304829,3.42593496959576,380868,1819240,4.77656300870643,380868,1389215,3.64749729565099,380868,1375325,3.61102796769484,380868,1900013,4.98863910856255,380868,1871906,4.91484188747808,380868,1651331,4.33570423348772,380868,2488409,6.53352079985717,380868,2376267,6.23908283184725,380868,2629511,6.90399561002762,380868,2413076,6.33572786372181
IND,India,IND.21_1,Manipur,,,State,State,,IN.MN,28686,10004,0.34874154639894,28686,13243,0.461653768388761,28686,10526,0.366938576309001,28686,10479,0.365300146412884,28686,12850,0.447953705640382,28686,12701,0.442759534267587,28686,14534,0.506658300216133,28686,18123,0.631771595900439,28686,15626,0.544725650142927,28686,11184,0.389876594854633,28686,10863,0.378686467266262,28686,15498,0.540263543191801,28686,12952,0.451509447117061,28686,11973,0.417381300983058,28686,13457,0.469113853447675,28686,10822,0.37725719863348,28686,18070,0.629924004740989,28686,18370,0.64038206790769,28686,17675,0.616154221571498,28686,9947,0.346754514397267,28686,8837,0.308059680680471,28686,9413,0.328139161960538,28686,8536,0.297566757303214,28686,7558,0.263473471379767,28686,14146,0.493132538520533,28686,10965,0.382242208742941,28686,12857,0.448197727114272,28686,14932,0.520532664017291,28686,13914,0.485044969671617,28686,11235,0.391654465592972,28686,19638,0.684584814892282,28686,17709,0.617339468730391,28686,17797,0.62040716725929,28686,22311,0.777766157707593
IND,India,IND.22_1,Meghalaya,,,State,State,,IN.ML,29116,8264,0.283830196455557,29116,13673,0.469604341255667,29116,14864,0.510509685396346,29116,12444,0.427393872784723,29116,20586,0.707033933232587,29116,14583,0.500858634427806,29116,16170,0.555364747904932,29116,21083,0.724103585657371,29116,18514,0.635870311856024,29116,12001,0.412178870724001,29116,13644,0.468608325319412,29116,20466,0.702912487979118,29116,15769,0.541592251682923,29116,13960,0.47946146448688,29116,15703,0.539325456793516,29116,11187,0.384221733754637,29116,19320,0.66355268580849,29116,22322,0.766657507899437,29116,17553,0.602864404451161,29116,12191,0.418704492375326,29116,13687,0.470085176535238,29116,16711,0.573945596922654,29116,16771,0.576006319549389,29116,22109,0.759341942574529,29116,21758,0.747286715208133,29116,18629,0.639820030223932,29116,22424,0.770160736364885,29116,29416,1.01030361313367,29116,27580,0.947245500755598,29116,24554,0.843316389613958,29116,47614,1.63532078582223,29116,28837,0.990417639785685,29116,36147,1.24148234647616,29116,35667,1.22499656546229
IND,India,IND.23_1,Mizoram,,,State,State,,IN.MZ,27026,2285,0.084548212832088,27026,4090,0.151335750758529,27026,4698,0.173832605639014,27026,3654,0.135203137719233,27026,4375,0.161881151483756,27026,5061,0.187264116036409,27026,4507,0.166765337082809,27026,6716,0.248501443054836,27026,8912,0.329756530748168,27026,3674,0.135943165840302,27026,4720,0.17464663657219,27026,6437,0.238178050765929,27026,4983,0.184378006364242,27026,5554,0.20550580922075,27026,5724,0.211796048249834,27026,4727,0.174905646414564,27026,7171,0.265337082809147,27026,7855,0.290646044549693,27026,7276,0.269222230444757,27026,4793,0.17734773921409,27026,4551,0.16839339894916,27026,5061,0.187264116036409,27026,4894,0.181084881225487,27026,4732,0.175090653444831,27026,7054,0.261007918300895,27026,4848,0.179382816547029,27026,5696,0.210760008880337,27026,9037,0.334381706504847,27026,7083,0.262080959076445,27026,6283,0.232479834233701,27026,9912,0.366757936801598,27026,7160,0.264930067342559,27026,7418,0.274476430104344,27026,7215,0.266965144675498
IND,India,IND.24_1,Nagaland,,,State,State,,IN.NL,21565,4257,0.197403199629029,21565,6538,0.30317644331092,21565,5489,0.254532807790401,21565,3928,0.182146997449571,21565,5323,0.246835149547878,21565,7367,0.341618363088338,21565,6515,0.302109900301414,21565,7644,0.354463250637607,21565,7190,0.33341061905866,21565,5038,0.233619290517042,21565,5000,0.231857175979597,21565,6425,0.297936471133782,21565,6296,0.291954555993508,21565,6357,0.294783213540459,21565,8068,0.374124739160677,21565,5613,0.260282865754695,21565,9646,0.447298863899838,21565,10079,0.467377695339671,21565,10417,0.483051240435891,21565,6017,0.279016925573846,21565,6558,0.304103872014839,21565,8283,0.3840945977278,21565,8106,0.375886853698122,21565,5627,0.260932065847438,21565,9932,0.460561094365871,21565,7820,0.362624623232089,21565,8015,0.371667053095293,21565,13019,0.603709714815674,21565,11593,0.537584048226293,21565,10243,0.474982610711802,21565,20158,0.934755390679342,21565,15986,0.741293763041966,21565,13053,0.605286343612335,21565,13013,0.603431486204498
IND,India,IND.25_1,NCT of Delhi,,,Union Territor,Union Territory,,IN.DL,2002,88326,44.1188811188811,2002,86073,42.9935064935065,2002,86991,43.452047952048,2002,96566,48.2347652347652,2002,93128,46.5174825174825,2002,95029,47.467032967033,2002,97424,48.6633366633367,2002,99538,49.7192807192807,2002,97335,48.6188811188811,2002,89364,44.6373626373626,2002,90220,45.0649350649351,2002,93723,46.8146853146853,2002,96257,48.0804195804196,2002,99684,49.7922077922078,2002,99269,49.5849150849151,2002,98877,49.3891108891109,2002,101609,50.7537462537463,2002,100983,50.4410589410589,2002,103079,51.488011988012,2002,95542,47.7232767232767,2002,96783,48.3431568431568,2002,98159,49.0304695304695,2002,100922,50.4105894105894,2002,94631,47.2682317682318,2002,102286,51.0919080919081,2002,98934,49.4175824175824,2002,104149,52.0224775224775,2002,106543,53.2182817182817,2002,105228,52.5614385614386,2002,108743,54.3171828171828,2002,115009,57.4470529470529,2002,113108,56.4975024975025,2002,116829,58.3561438561439,2002,116509,58.1963036963037
IND,India,IND.26_1,Odisha,,,State,State,,IN.OR,194102,128187,0.660410505816529,194102,143420,0.738889862031303,194102,167719,0.86407661950933,194102,156679,0.80719930758055,194102,233888,1.2049747040216,194102,253843,1.30778147571895,194102,268973,1.38573018309961,194102,320585,1.65163161636665,194102,295958,1.52475502570813,194102,176799,0.91085614779858,194102,218271,1.12451700652234,194102,184017,0.948042781630277,194102,265145,1.36600859341995,194102,204739,1.05480108396616,194102,236966,1.22083234588,194102,191011,0.984075383046027,194102,355843,1.83327837940876,194102,339123,1.74713810264706,194102,342760,1.7658756736149,194102,202190,1.04166881330435,194102,240241,1.23770491803279,194102,244792,1.26115135341212,194102,238278,1.22759167860197,194102,236582,1.21885400459552,194102,317392,1.63518150250899,194102,251902,1.29778157875756,194102,265422,1.3674356781486,194102,367940,1.89560128180029,194102,334082,1.72116722135784,194102,333980,1.72064172445415,194102,494445,2.54734624063637,194102,459341,2.36649287488022,194102,511540,2.63541849130869,194102,524115,2.70020401644496
IND,India,IND.27_1,Puducherry,Pondicherry|Puduchcheri|Pondichéry,,Union Territor,Union Territory,,IN.PY,669,5748,8.59192825112108,669,6463,9.66068759342302,669,7156,10.6965620328849,669,8613,12.8744394618834,669,9349,13.9745889387145,669,9474,14.1614349775785,669,9492,14.1883408071749,669,10690,15.9790732436472,669,11161,16.6831091180867,669,7265,10.8594917787743,669,7962,11.9013452914798,669,8323,12.440956651719,669,8597,12.8505231689088,669,9755,14.5814648729447,669,10682,15.9671150971599,669,11129,16.6352765321375,669,11067,16.542600896861,669,11798,17.6352765321375,669,12466,18.6337817638266,669,9175,13.7144992526158,669,9293,13.8908819133034,669,9918,14.8251121076233,669,10067,15.0478325859492,669,10168,15.1988041853513,669,11658,17.4260089686099,669,9860,14.7384155455904,669,11478,17.1569506726457,669,13705,20.4857997010463,669,13856,20.711509715994,669,13765,20.575485799701,669,18465,27.6008968609865,669,15878,23.7339312406577,669,17409,26.0224215246637,669,17168,25.6621823617339
IND,India,IND.28_1,Punjab,,,State,State,,IN.PB,68204,525985,7.71193771626298,68204,525995,7.7120843352296,68204,474260,6.95355111137177,68204,713251,10.4576124567474,68204,645948,9.47082282564073,68204,673031,9.86791097296346,68204,687828,10.0848630578852,68204,793157,11.6291859714973,68204,824976,12.0957128614158,68204,593156,8.69679197701015,68204,594968,8.72335933376342,68204,663759,9.73196586710457,68204,679588,9.96404902938244,68204,759100,11.1298457568471,68204,745596,10.9318515043106,68204,739148,10.8373115946279,68204,777324,11.3970441616327,68204,754933,11.0687496334526,68204,781227,11.4542695443083,68204,525549,7.70554512931793,68204,561392,8.23107149140813,68204,617285,9.05056888159052,68204,684179,10.0313617969621,68204,680020,9.97038296874084,68204,836249,12.2609964224972,68204,696349,10.2097970793502,68204,814180,11.9374230250425,68204,964027,14.1344642542959,68204,891469,13.0706263562254,68204,928895,13.6193625007331,68204,1177236,17.2605125799073,68204,985983,14.4563808574277,68204,1129864,16.56594921119,68204,1049255,15.384068383086
IND,India,IND.29_1,Rajasthan,Greater Rajasthan|Rajputana,,State,State,,IN.RJ,446195,629853,1.41160927397214,446195,721067,1.61603558982059,446195,766299,1.71740830802676,446195,834723,1.87075830074295,446195,995858,2.23188964466209,446195,1063579,2.38366409305348,446195,1087294,2.43681350082363,446195,1154053,2.58643194119163,446195,1193217,2.67420522417329,446195,792413,1.77593428881991,446195,894138,2.00391756967245,446195,907950,2.03487264536806,446195,955687,2.14185950089087,446195,1032107,2.31312990956869,446195,994411,2.22864666793666,446195,993856,2.22740281715393,446195,1287706,2.88597138022613,446195,1263327,2.83133383386188,446195,1304623,2.92388529678728,446195,894650,2.00506505003418,446195,953548,2.13706563273905,446195,936873,2.09969407994263,446195,971367,2.1770010869687,446195,1007450,2.25786931722677,446195,1311120,2.93844619504925,446195,1079045,2.41832606819888,446195,1171840,2.62629567789868,446195,1501580,3.36529992492072,446195,1440666,3.22878113829155,446195,1501148,3.36433173836551,446195,2275266,5.09926377480698,446195,1817098,4.07243021548874,446195,2167523,4.857793117359,446195,2114393,4.73871961810419
IND,India,IND.30_1,Sikkim,,,State,State,,IN.SK,9331,1418,0.151966563069339,9331,1654,0.177258600364377,9331,1684,0.180473689851034,9331,1206,0.129246597363627,9331,2992,0.320651591469296,9331,2909,0.311756510556211,9331,2989,0.32033008252063,9331,2473,0.265030543350123,9331,4009,0.429643125066981,9331,2400,0.25720715893259,9331,2148,0.230200407244668,9331,2938,0.314864430393313,9331,2812,0.301361054549352,9331,3125,0.334905154860144,9331,3651,0.391276390526203,9331,1883,0.201800450112528,9331,4470,0.479048333511949,9331,4451,0.4770121101704,9331,5558,0.595648912228057,9331,3808,0.408102025506377,9331,4332,0.464258921873325,9331,5322,0.570356874933019,9331,6040,0.647304683313686,9331,5393,0.577965920051441,9331,5183,0.55546029364484,9331,5209,0.558246704533276,9331,5765,0.617833029685993,9331,9055,0.970421176722752,9331,9097,0.974922302004072,9331,7654,0.820276497695853,9331,16023,1.71717929482371,9331,12556,1.34562211981567,9331,11963,1.28207051762941,9331,13238,1.41871182081235
IND,India,IND.31_1,Tamil Nadu,Madras|Tamilnad,,State,State,,IN.TN,155231,614577,3.95911254839562,155231,737094,4.74836856040353,155231,752654,4.8486062706547,155231,768980,4.95377856227171,155231,964305,6.21206460049861,155231,928354,5.98046781892792,155231,976778,6.29241581900522,155231,1116467,7.19229406497413,155231,1243262,8.00910900528889,155231,742769,4.78492697979141,155231,815769,5.25519387235797,155231,932976,6.01024279944083,155231,981288,6.32146929414872,155231,1074318,6.92076969162087,155231,1087507,7.00573339088198,155231,1150967,7.41454348680354,155231,1235127,7.95670323582274,155231,1303392,8.39646720049475,155231,1302470,8.39052766522151,155231,896976,5.77833035927102,155231,883047,5.68859957096199,155231,927186,5.97294354864685,155231,962833,6.20258195850056,155231,940535,6.05893796986427,155231,1193419,7.68801978986156,155231,1000102,6.44266931218636,155231,1139685,7.34186470485921,155231,1388322,8.94358729892869,155231,1307990,8.42608757271421,155231,1347500,8.68061147580058,155231,2015862,12.9862076518221,155231,1579131,10.1727812099387,155231,1604865,10.3385599525868,155231,1605257,10.3410852213797
IND,India,IND.32_1,Telangana,,,State,State,,IN.TG,140791,382114,2.7140513243034,140791,510117,3.62322165479328,140791,445728,3.16588418293783,140791,455936,3.23838881746703,140791,556370,3.95174407455022,140791,626835,4.45223771405843,140791,606556,4.30820151856298,140791,726572,5.16064237060608,140791,765194,5.43496388263454,140791,448155,3.18312250072803,140791,527541,3.74697956545518,140791,555427,3.94504620323742,140791,599104,4.25527199892039,140791,624296,4.43420389087371,140791,649838,4.61562173718491,140791,625931,4.44581684908836,140791,763225,5.4209786136898,140791,801261,5.6911379278505,140791,808789,5.74460725472509,140791,524442,3.72496821529785,140791,556776,3.95462778160536,140791,573514,4.07351322172582,140791,619751,4.40192199785498,140791,636211,4.51883287994261,140791,748416,5.31579433344461,140791,621411,4.41371252423806,140791,723789,5.14087548209758,140791,928746,6.59662904589072,140791,912321,6.47996675923887,140791,900190,6.39380358119482,140791,1344333,9.54842994225483,140791,1138094,8.08357068278512,140791,1271746,9.03286431661115,140791,1223166,8.68781385173768
IND,India,IND.33_1,Tripura,,,State,State,,IN.TR,13435,16020,1.19240788983997,13435,23655,1.76069966505396,13435,18469,1.37469296613323,13435,15759,1.1729810197246,13435,21774,1.62069222180871,13435,22899,1.70442873092668,13435,24193,1.80074432452549,13435,34775,2.58838853740231,13435,35814,2.66572385560104,13435,19454,1.44800893189431,13435,24488,1.82270189802754,13435,27579,2.05277260885746,13435,25095,1.86788239672497,13435,26130,1.94491998511351,13435,28155,2.09564570152587,13435,26308,1.95816896166729,13435,33561,2.49802754000744,13435,38282,2.84942314849274,13435,37989,2.82761443989579,13435,26951,2.00602902865649,13435,26082,1.94134722739114,13435,28316,2.1076293263863,13435,24070,1.79158913286193,13435,23915,1.78005210271679,13435,38238,2.84614812058057,13435,29813,2.21905470785262,13435,29093,2.16546334201712,13435,41473,3.0869371045776,13435,37658,2.80297729810197,13435,36658,2.72854484555266,13435,63621,4.73546706363975,13435,59341,4.41689616672869,13435,64229,4.78072199478973,13435,68931,5.13070338667659
IND,India,IND.34_1,Uttar Pradesh,United Provinces,,State,State,,IN.UP,315078,821792,2.60821764769359,315078,861994,2.73581144986321,315078,892686,2.83322224972864,315078,950335,3.01618964192994,315078,1035556,3.28666552409245,315078,1027939,3.2624905578936,315078,920515,2.92154641073004,315078,1076103,3.41535429322263,315078,799090,2.53616564787132,315078,629986,1.99946045106291,315078,783838,2.48775858676264,315078,688053,2.18375449888599,315078,797875,2.53230945987978,315078,916976,2.91031427138677,315078,814305,2.58445527774075,315078,701143,2.22529976704181,315078,1092049,3.46596398352154,315078,1138872,3.61457162988212,315078,1044927,3.31640736579514,315078,683970,2.17079580294403,315078,651180,2.06672633443147,315078,664109,2.1077606180057,315078,737399,2.34036968623642,315078,772570,2.4519960136855,315078,883776,2.80494353779064,315078,721541,2.29003929185789,315078,902900,2.86563961939583,315078,1190792,3.77935622290354,315078,1069952,3.39583214315185,315078,921964,2.9261452719644,315078,1579736,5.01379340988581,315078,1291223,4.09810586584909,315078,1384390,4.39380090009458,315078,1397839,4.43648556865284
IND,India,IND.35_1,Uttarakhand,Uttarakhand,,State,State,,IN.UT,72558,53048,0.731111662394223,72558,57592,0.79373742385402,72558,56458,0.778108547644643,72558,65220,0.898867113205987,72558,78165,1.07727611014637,72558,79769,1.09938256291518,72558,77084,1.06237768405965,72558,87177,1.20148019515422,72558,93410,1.28738388599465,72558,56957,0.78498580445988,72558,66592,0.917776123928443,72558,86622,1.19383114198297,72558,90742,1.25061330246148,72558,98140,1.35257311392265,72558,98438,1.3566801731029,72558,103240,1.42286171063149,72558,114112,1.5727004603214,72558,113716,1.56724275751812,72558,133121,1.83468397695637,72558,97193,1.33952148625927,72558,112817,1.55485266958847,72558,104895,1.4456710493674,72558,124986,1.72256677416687,72558,107597,1.4829102235453,72558,139846,1.92736845006753,72558,104550,1.44091623253122,72558,139857,1.92752005292318,72558,188258,2.59458639984564,72558,187120,2.57890239532512,72558,162785,2.24351553240166,72558,272051,3.74942804377188,72558,231217,3.18665067945643,72558,258069,3.55672703216737,72558,251555,3.46695057746906
IND,India,IND.36_1,West Bengal,Bangla|Bengala Occidentale|Bengala Ocidental|Bengale occidental,,State,State,,IN.WB,108937,323250,2.96731138180783,108937,355501,3.26336322828791,108937,354386,3.25312795468941,108937,376239,3.45373013760247,108937,424276,3.89469142715514,108937,456408,4.18965089914354,108937,456680,4.19214775512452,108937,500160,4.59127752737821,108937,489001,4.488842174835,108937,344033,3.15809137391336,108937,362347,3.32620689022095,108937,389703,3.57732450866097,108937,425014,3.90146598492707,108937,416932,3.82727631566869,108937,461934,4.24037746587477,108937,385678,3.54037654791301,108937,549617,5.04527387389041,108937,551576,5.06325674472401,108937,573327,5.26292260664421,108937,375201,3.4442016945574,108937,400383,3.67536282438474,108937,433169,3.97632576626858,108937,435043,3.99352836960812,108937,412805,3.78939203392787,108937,528616,4.85249272515307,108937,458166,4.20578866684414,108937,491064,4.50777972589662,108937,612643,5.62382845130672,108937,590125,5.41712182270487,108937,541080,4.96690747863444,108937,758088,6.95895792981264,108937,705394,6.47524716120326,108937,775480,7.11860983871412,108937,826472,7.58669689820722
